1,ss,Kigali
2,ss,Southern
3,ss,Western
4,ss,Northern
5,ss,Eastern
1,6,Gasabo
1,7,Kicukiro
1,8,Nyarugenge
2,9,Gisagara
2,10,Huye
2,11,Kamonyi
2,12,Muhanga
2,13,Nyamagabe
2,14,Nyanza
2,15,Nyaruguru
2,16,Ruhango
3,17,Karongi
3,18,Ngororero
3,19,Nyabihu
3,20,Nyamasheke
3,21,Rubavu
3,22,Rusizi
3,23,Rutsiro
4,24,Burera
4,25,Gakenke
4,26,Gicumbi
4,27,Musanze
4,28,Rulindo
5,29,Bugesera
5,30,Gatsibo
5,31,Kayonza
5,32,Kirehe
5,33,Ngoma
5,34,Nyagatare
5,35,Rwamagana
1,6,Bumbogo
1,6,Gatsata
1,6,Gikomero
1,6,Gisozi
1,6,Jabana
1,6,Jali
1,6,Kacyiru
1,6,Kimihurura
1,6,Kimiromko
1,6,Kinyinya
1,6,Ndera
1,6,Nduba
1,6,Remera
1,6,Rusororo
1,6,Rutunga
1,7,Gahanga
1,7,Gatenga
1,7,Gikondo
1,7,Kagarama
1,7,Kanombe
1,7,Kicukiro
1,7,Kigarama
1,7,Masaka
1,7,Niboye
1,7,Nyarugunga
1,8,Gitega
1,8,Kanyinya
1,8,Kigali
1,8,Kimisagara
1,8,Mageragere
1,8,Muhima
1,8,Nyakabanda
1,8,Nyamirambo
1,8,Nyarugenge
1,8,Rwezamenyo
2,9,Gikonko
2,9,Gishubi
2,9,Kansi
2,9,Kibirizi
2,9,Kigembe
2,9,Mamba
2,9,Muganza
2,9,Mugombwa
2,9,Mukingo
2,9,Musha
2,9,Ndora
2,9,Nyanza
2,9,Save
2,10,Gishamvu
2,10,Huye
2,10,Karama
2,10,Kigoma
2,10,Kinazi
2,10,Maraba
2,10,Mbazi
2,10,Mukura
2,10,Ngoma
2,10,Ruhashya
2,10,Rusatira
2,10,Rwaniro
2,10,Simbi
2,10,Tumba
2,11,Gacurabwenge
2,11,Karama
2,11,Kayenzi
2,11,Kayumbu
2,11,Mugina
2,11,Musambira
2,11,Ngamba
2,11,Nyamiyaga
2,11,Nyarubaka
2,11,Rugarika
2,11,Rukoma
2,11,Runda
2,12,Cyeza
2,12,Kabacuzi
2,12,Kibangu
2,12,Kiyumba
2,12,Muhanga
2,12,Mushishiro
2,12,Nyabinoni
2,12,Nyamabuye
2,12,Nyarusange
2,12,Rongi
2,12,Rugendabari
2,12,Shyogwe
2,13,Buruhukiro
2,13,Cyanika
2,13,Gasaka
2,13,Gatare
2,13,Kaduha
2,13,Kamegeri
2,13,Kibirizi
2,13,Kibumbwe
2,13,Kitabi
2,13,Mbazi
2,13,Mugano
2,13,Musange
2,13,Musebeya
2,13,Mushubi
2,13,Nkomane
2,13,Tare
2,13,Uwinkingi
2,14,Busasamana
2,14,Busoro
2,14,Cyabakamyi
2,14,Kibirizi
2,14,Kigoma
2,14,Mukingo
2,14,Muyira
2,14,Ntyazo
2,14,Nyagisozi
2,14,Rwabicuma
2,15,Busanze
2,15,Cyahinda
2,15,Kibeho
2,15,Kivu
2,15,Mata
2,15,Muganza
2,15,Munini
2,15,Ngera
2,15,Ngoma
2,15,Nyabimata
2,15,Nyagisozi
2,15,Ruheru
2,15,Ruramba
2,15,Rusenge
2,16,Bweramana
2,16,Byimana
2,16,Kabagali
2,16,Kinazi
2,16,Kinihira
2,16,Mbuye
2,16,Mwendo
2,16,Ntongwe
2,16,Ruhango
3,17,Bwishyura
3,17,Gishari
3,17,Gishyita
3,17,Gitesi
3,17,Mubuga
3,17,Murambi
3,17,Murundi
3,17,Mutuntu
3,17,Rubengera
3,17,Rugabano
3,17,Ruganda
3,17,Rwankuba
3,17,Twumba
3,18,Bwira
3,18,Gatumba
3,18,Hindiro
3,18,Kabaya
3,18,Kageyo
3,18,Kavumu
3,18,Matyazo
3,18,Muhanda
3,18,Muhororo
3,18,Ndaro
3,18,Ngororero
3,18,Nyange
3,18,Sovu
3,19,Bigogwe
3,19,Jenda
3,19,Jomba
3,19,Kabatwa
3,19,Karago
3,19,Kintobo
3,19,Mukamira
3,19,Muringa
3,19,Rambura
3,19,Rugera
3,19,Rurembo
3,19,Shyira
3,20,Bushekeri
3,20,Bushenge
3,20,Cyato
3,20,Gihombo
3,20,Kagano
3,20,Kanjongo
3,20,Karambi
3,20,Karengera
3,20,Kirimbi
3,20,Macuba
3,20,Mahembe
3,20,Nyabitekeri
3,20,Rangiro
3,20,Ruharambuga
3,20,Shangi
3,21,Bugeshi
3,21,Busasamana
3,21,Cyanzarwe
3,21,Gisenyi
3,21,Kanama
3,21,Kanzenze
3,21,Mudende
3,21,Nyakiriba
3,21,Nyamyumba
3,21,Nyundo
3,21,Rubavu
3,21,Rugerero
3,22,Bugarama
3,22,Butare
3,22,Bweyeye
3,22,Gashonga
3,22,Giheke
3,22,Gihundwe
3,22,Gikundamvura
3,22,Gitambi
3,22,Kamembe
3,22,Muganza
3,22,Mururu
3,22,Nkanka
3,22,Nkombo
3,22,Nkungu
3,22,Nyakabuye
3,22,Nyakarenzo
3,22,Nzahaha
3,22,Rwimbogo
3,23,Boneza
3,23,Gihango
3,23,Kigeyo
3,23,Kivumu
3,23,Manihira
3,23,Mukura
3,23,Murunda
3,23,Musasa
3,23,Mushonyi
3,23,Mushubati
3,23,Nyabirasi
3,23,Ruhango
3,23,Rusebeya
4,24,Bungwe
4,24,Butaro
4,24,Cyanika
4,24,Cyeru
4,24,Gahunga
4,24,Gatebe
4,24,Gitovu
4,24,Kagogo
4,24,Kinoni
4,24,Kinyababa
4,24,Kivuye
4,24,Nemba
4,24,Rugarama
4,24,Rugengabari
4,24,Ruhunde
4,24,Rusarabuye
4,24,Rwerere
4,25,Busengo
4,25,Coko
4,25,Cyabingo
4,25,Gakenke
4,25,Gashenyi
4,25,Janja
4,25,Kamubuga
4,25,Karambo
4,25,Kivuruga
4,25,Mataba
4,25,Minazi
4,25,Mugunga
4,25,Muhondo
4,25,Muyongwe
4,25,Muzo
4,25,Nemba
4,25,Ruli
4,25,Rusasa
4,25,Rushashi
4,26,Bukure
4,26,Bwisige
4,26,Byumba
4,26,Cyumba
4,26,Giti
4,26,Kageyo
4,26,Kaniga
4,26,Manyagiro
4,26,Miyove
4,26,Mukarange
4,26,Muko
4,26,Mutete
4,26,Nyamiyaga
4,26,Nyankenke
4,26,Rubaya
4,26,Rukomo
4,26,Rushaki
4,26,Rutare
4,26,Ruvune
4,26,Rwamiko
4,26,Shangasha
4,27,Busogo
4,27,Cyuve
4,27,Gacaca
4,27,Gashaki
4,27,Gataraga
4,27,Kimonyi
4,27,Kinigi
4,27,Muhoza
4,27,Muko
4,27,Musanze
4,27,Nkotsi
4,27,Nyange
4,27,Remera
4,27,Rwaza
4,27,Shingiro
4,28,Base
4,28,Burega
4,28,Bushoki
4,28,Buyoga
4,28,Cyinzuzi
4,28,Cyungo
4,28,Kinihira
4,28,Kisaro
4,28,Masoro
4,28,Mbogo
4,28,Murambi
4,28,Ngoma
4,28,Ntarabana
4,28,Rukozo
4,28,Rusiga
4,28,Shyorongi
4,28,Tumba
5,29,Gashora
5,29,Juru
5,29,Kamabuye
5,29,Mareba
5,29,Mayange
5,29,Musenyi
5,29,Mwogo
5,29,Ngeruka
5,29,Ntarama
5,29,Nyamata
5,29,Nyarugenge
5,29,Rilima
5,29,Ruhuha
5,29,Rweru
5,29,Shyara
5,30,Gasange
5,30,Gatsibo
5,30,Gitoki
5,30,Kabarore
5,30,Kageyo
5,30,Kiramuruzi
5,30,Kiziguro
5,30,Muhura
5,30,Murambi
5,30,Ngarama
5,30,Nyagihanga
5,30,Remera
5,30,Rugarama
5,30,Rwimbogo
5,31,Gahini
5,31,Kabare
5,31,Kabarondo
5,31,Mukarange
5,31,Murama
5,31,Murundi
5,31,Mwiri
5,31,Ndego
5,31,Nyamirama
5,31,Rukara
5,31,Ruramira
5,31,Rwinkwavu
5,32,Gahara
5,32,Gatore
5,32,Kigarama
5,32,Kigina
5,32,Kirehe
5,32,Mahama
5,32,Mpanga
5,32,Musaza
5,32,Mushikiri
5,32,Nasho
5,32,Nyamugari
5,32,Nyarubuye
5,33,Gashanda
5,33,Jarama
5,33,Karembo
5,33,Kazo
5,33,Kibungo
5,33,Mugesera
5,33,Murama
5,33,Mutenderi
5,33,Remera
5,33,Rukira
5,33,Rukumberi
5,33,Rurenge
5,33,Sake
5,33,Zaza
5,34,Gatunda
5,34,Karama
5,34,Karangazi
5,34,Katabagemu
5,34,Kiyombe
5,34,Matimba
5,34,Mimuri
5,34,Mukama
5,34,Musheri
5,34,Nyagatare
5,34,Rukomo
5,34,Rwempasha
5,34,Rwimiyaga
5,34,Tabagwe
5,35,Fumbwe
5,35,Gahengeri
5,35,Gishali
5,35,Karenge
5,35,Kigabiro
5,35,Muhazi
5,35,Munyaga
5,35,Munyiginya
5,35,Musha
5,35,Muyumbu
5,35,Mwulire
5,35,Nyakaliro
5,35,Nzige
5,35,Rubona
